STAID,STANAME,DRAIN_SQKM,LAT_GAGE,LNG_GAGE,COMID
14301000,"NEHALEM RIVER NEAR FOSS, OR",1743.544,45.703999,-123.755405,78019756
14303200,"TUCCA CREEK NEAR BLAINE, OR.",8.0595,45.324276,-123.546501,78021000
14305500,"SILETZ RIVER AT SILETZ, OR",526.3299,44.715117,-123.887335,78022282
14154500,"ROW RIVER ABOVE PITCHER CREEK NEAR, DORENA, OREG",546.8105,43.735957,-122.873402,78024741
14166500,"LONG TOM RIVER NEAR NOTI, OREG.",226.5246,44.049845,-123.42621,78022488
14306340,"EAST FORK LOBSTER CREEK NEAR ALSEA, OR.",14.7276,44.247899,-123.636494,78023147
14306500,"ALSEA RIVER NEAR TIDEWATER, OR",857.1636,44.385954,-123.831778,78022217
14308990,"COW CREEK ABV GALESVILLE RES, NR AZALEA, OR.",167.7555,42.823177,-123.125892,78027276
14309500,"WEST FORK COW CREEK NEAR GLENDALE, OR",224.9208,42.804004,-123.610907,78027180
14316700,"STEAMBOAT CREEK NEAR GLIDE, OR",587.8989,43.349842,-122.728942,78024750
14325000,"SOUTH FORK COQUILLE RIVER AT POWERS, OR",443.0745,42.891499,-124.070652,78026936
14362250,"STAR GULCH NEAR RUCH, OR.",41.4216,42.154014,-123.075323,78027453
11522500,SALMON R A SOMES BAR CA,1943.12,41.377627,-123.477558,77001322
11523200,TRINITY R AB COFFEE C NR TRINITY CTR CA,382.9356,41.111257,-122.705579,77002057
11381500,MILL C NR LOS MOLINOS CA,337.6305,40.054602,-122.024154,77012103
11383500,DEER C NR VINA CA,539.7753,40.014047,-121.948318,77007921
11451100,NF CACHE C A HOUGH SPRING NR CLEARLAKE OAKS CA,155.0943,39.165446,-122.619986,77008153
11176400,ARROYO VALLE BL LANG CN NR LIVERMORE CA,338.5611,37.561322,-121.683839,77015290
11180500,DRY C A UNION CITY CA,24.3189,37.606045,-122.02385,77017869
11180960,CULL C AB CULL C RES NR CASTRO VALLEY CA,15.0624,37.717707,-122.054407,77018087
11274500,ORESTIMBA C NR NEWMAN CA,347.7503,37.315492,-121.125208,77015587
11274630,DEL PUERTO C NR PATTERSON CA,187.4375,37.486599,-121.209103,77016623
11299600,BLACK C NR COPPEROPOLIS CA,37.3239,37.961036,-120.615203,77018586
11148900,NACIMIENTO R BL SAPAQUE C NR BRYSON CA,403.4547,35.788579,-121.093805,77022373
11151300,SAN LORENZO C BL BITTERWATER C NR KING CITY CA,608.2281,36.268021,-121.066303,77021942
11224500,LOS GATOS C AB NUNEZ CYN NR COALINGA CA,247.4352,36.214677,-120.470712,77022949
11253310,CANTUA C NR CANTUA CREEK CA,120.4371,36.402174,-120.433492,77023755
11124500,SANTA CRUZ C NR SANTA YNEZ CA,191.5227,34.596656,-119.908752,77029603
11141280,LOPEZ C NR ARROYO GRANDE CA,54.0072,35.23553,-120.472386,77024268
12040500,"QUEETS RIVER NEAR CLEARWATER, WA",1153.437,47.537859,-124.315746,78015882
12041200,"HOH RIVER AT US HIGHWAY 101 NEAR FORKS, WA",655.7967,47.806747,-124.251033,78015888
12043000,"CALAWAH RIVER NEAR FORKS, WA",337.185,47.960077,-124.392987,78015753
12048000,"DUNGENESS RIVER NEAR SEQUIM, WA",405.0063,48.014258,-123.132677,78014055
12054000,"DUCKABUSH RIVER NEAR BRINNON, WA",171.675,47.683981,-123.011551,78017045
12056500,"NF SKOKOMISH R BL STAIRCASE RPDS NR HOODSPORT, WA",146.9715,47.514257,-123.329887,78016988
12010000,"NASELLE RIVER NEAR NASELLE, WA",142.182,46.373994,-123.743482,78018499
12013500,"WILLAPA RIVER NEAR WILLAPA, WA",337.6854,46.650934,-123.652658,78018157
12020000,"CHEHALIS RIVER NEAR DOTY, WA",294.2235,46.617324,-123.277644,78018208
12025000,"NEWAUKUM RIVER NEAR CHEHALIS, WA",404.9037,46.620104,-122.945126,78018087
12025700,"SKOOKUMCHUCK RIVER NEAR VAIL, WA",103.3029,46.772603,-122.594009,78019343
12035000,"SATSOP RIVER NEAR SATSOP, WA",769.8996,47.000651,-123.494884,78017839
12073500,"HUGE CREEK NEAR WAUNA, WA",15.6726,47.389262,-122.699024,78016781
12082500,"NISQUALLY RIVER NEAR NATIONAL, WA",349.9983,46.752608,-122.083719,78018169
12092000,"PUYALLUP RIVER NEAR ELECTRON, WA",240.8814,46.903716,-122.035109,78015646
14236200,"TILTON RIVER AB BEAR CANYON CREEK NEAR CINEBAR, WA",360.9936,46.595384,-122.459556,78018213
14137000,"SANDY RIVER NEAR MARMOT, OR",674.2395,45.399564,-122.137307,78020238
14138800,"BLAZED ALDER CREEK NEAR RHODODENDRON, OREG.",21.2886,45.452618,-121.891468,78021157
14138870,"FIR CREEK NEAR BRIGHTWOOD, OR",14.02431,45.480119,-122.025638,78020663
14138900,"NORTH FORK BULL RUN RIVER NEAR MULTNOMAH FALLS, OR",21.6828,45.494286,-122.035917,78020663
14139800,"SOUTH FORK BULL RUN RIVER NEAR BULL RUN, OR",40.7034,45.444564,-122.109529,78021143
14141500,"LITTLE SANDY RIVER NEAR BULL RUN, OREG.",59.8653,45.415398,-122.171475,78021115
14216500,"MUDDY CREEK BELOW CLEAR CREEK NEAR COUGAR, WA",349.524,46.075669,-121.998698,78018257
14222500,"EAST FORK LEWIS RIVER NEAR HEISSON, WA",323.8893,45.836781,-122.466208,78020358
14092750,"SHITIKE CR, AT PETERS PASTURE, NR WARM SPRINGS, OR",57.4803,44.750395,-121.633397,78023764
14096850,"BEAVER CREEK, BLW QUARTZ CR, NR SIMNASHO, OR.",374.6232,44.958727,-121.394229,78021828
14158500,"MCKENZIE RIVER AT OUTLET OF CLEAR LAKE, OR",237.0771,44.360955,-121.995617,78022530
14158790,"SMITH R AB SMITH R RES NR BELKNAP SPRGS,OREG.",40.5711,44.334567,-122.047007,78023280
14182500,"LITTLE NORTH SANTIAM RIVER NEAR MEHAMA, OR",286.8498,44.791511,-122.578974,78022486
14185000,"SOUTH SANTIAM RIVER BELOW CASCADIA, OR",458.1774,44.391792,-122.497582,78022389
14185900,"QUARTZVILLE CREEK NEAR CASCADIA, OREG.",258.1965,44.540124,-122.435915,78022457
14187000,"WILEY CREEK NEAR FOSTER, OR",134.7498,44.372348,-122.623138,78022543
10310500,"CLEAR CREEK NEAR CARSON CITY, NV",39.4893,39.113242,-119.798237,77009421
10336645,GENERAL C NR MEEKS BAY CA,19.5984,39.051852,-120.118521,77009405
10336660,BLACKWOOD C NR TAHOE CITY CA,29.7963,39.107407,-120.162135,77009418
10336740,"Logan House Ck nr Glenbrook, NV",5.5368,39.066575,-119.93546,77006074
10343500,SAGEHEN C NR TRUCKEE CA,27.6027,39.431572,-120.237979,77010070
10348850,GALENA C AT GALENA C STATE PARK,19.1385,39.354354,-119.858522,77009934
11230500,BEAR C NR LAKE THOMAS A EDISON CA,135.5301,37.339386,-118.973451,77016801
11237500,PITMAN C BL TAMARACK C CA,59.8239,37.198557,-119.213733,77017185
11264500,MERCED R A HAPPY ISLES BRIDGE NR YOSEMITE CA,467.9761,37.731593,-119.558774,77015222
11266500,MERCED R A POHONO BRIDGE NR YOSEMITE CA,833.0817,37.716871,-119.666279,77014802
11284400,BIG C AB WHITES GULCH NR GROVELAND CA,41.7168,37.841871,-120.18491,77018285
10263500,BIG ROCK C NR VALYERMO CA,59.4639,34.420831,-117.839507,77031348
11098000,ARROYO SECO NR PASADENA CA,41.5665,34.222226,-118.177573,77031149
12167000,"NF STILLAGUAMISH RIVER NEAR ARLINGTON, WA",683.7525,48.261492,-122.047641,78014158
12175500,"THUNDER CREEK NEAR NEWHALEM, WA",273.8205,48.672629,-121.072896,78014338
12178100,"NEWHALEM CREEK NEAR NEWHALEM, WA",69.6834,48.655959,-121.238456,78015092
12186000,"SAUK RIVER AB WHITECHUCK RIVER NEAR DARRINGTON, WA",398.4354,48.16872,-121.470672,78014244
12189500,"SAUK RIVER NEAR SAUK, WA",1855.317,48.424559,-121.568463,78014127
12451000,"STEHEKIN RIVER AT STEHEKIN, WA",830.5974,48.32958,-120.691767,78014191
12095000,"SOUTH PRAIRIE CREEK AT SOUTH PRAIRIE, WA",205.8354,47.139546,-122.092614,78016138
12114500,"CEDAR RIVER BELOW BEAR CREEK NEAR CEDAR FALLS, WA",66.5559,47.342054,-121.548986,78016700
12115000,"CEDAR RIVER NEAR CEDAR FALLS, WA",102.7983,47.370107,-121.625101,78016700
12115500,"REX RIVER NEAR CEDAR FALLS, WA",34.7184,47.350662,-121.663158,78016735
12117000,"TAYLOR CREEK NEAR SELLECK, WA",44.85363,47.386491,-121.846222,78016752
12141300,"MIDDLE FORK SNOQUALMIE RIVER NEAR TANNER, WA",401.5098,47.48594,-121.647881,78016031
12143600,"SF SNOQUALMIE RIVER AT EDGEWICK, WA",165.0069,47.452604,-121.717885,78016804
12144000,"SF SNOQUALMIE RIVER AT NORTH BEND, WA",210.1059,47.49288,-121.790111,78016804
12145500,"RAGING RIVER NEAR FALL CITY, WA",78.9804,47.539824,-121.909005,78016845
12147500,"NORTH FORK TOLT RIVER NEAR CARNATION, WA",102.8934,47.712324,-121.788727,78017137
12147600,"SOUTH FORK TOLT RIVER NEAR INDEX, WA",14.1264,47.706771,-121.600107,78017082
12488500,"AMERICAN RIVER NEAR NILE, WA",205.1703,46.977616,-121.168696,78018410
10396000,DONNER UND BLITZEN RIVER NR FRENCHGLEN OR,528.894,42.790833,-118.8675,77001676
10258000,TAHQUITZ C NR PALM SPRINGS CA,43.6914,33.805019,-116.559182,77030576
10258500,PALM CYN C NR PALM SPRINGS CA,241.5123,33.745022,-116.535571,77029498
10259000,ANDREAS C NR PALM SPRINGS CA,22.4568,33.760021,-116.550015,77029498
10259200,DEEP C NR PALM DESERT CA,79.1235,33.631136,-116.392234,77030309
12447390,"ANDREWS CREEK NEAR MAZAMA, WA",58.10103,48.822925,-120.145924,78015352
14020000,"UMATILLA RIVER ABOVE MEACHAM CREEK, NR GIBBON, OR",341.4267,45.719577,-118.323291,78020347
13331500,"MINAM RIVER NEAR MINAM, OR",618.9291,45.619867,-117.726589,78020203
10329500,"MARTIN C NR PARADISE VALLEY, NV",454.5207,41.534618,-117.417905,77002052
10249300,"S TWIN R NR ROUND MOUNTAIN, NV",50.1957,38.88743,-117.245367,77020295
12414500,ST JOE RIVER AT CALDER ID,2678.972,47.27464,-116.189049,78015603
13338500,SF CLEARWATER RIVER AT STITES ID,3027.002,46.086389,-115.976667,78017742
13340000,CLEARWATER RIVER AT OROFINO ID,14268.92,46.478333,-116.2575,78017670
13240000,LAKE FORK PAYETTE RIVER AB JUMBO CR NR MCCALL ID,125.5698,44.913611,-115.997222,78022737
13310700,SF SALMON RIVER NR KRASSEL RANGER STATION ID,853.1325,44.986944,-115.725,78020032
13313000,JOHNSON CREEK AT YELLOW PINE ID,561.9358,44.961667,-115.5,78022315
13235000,SF PAYETTE RIVER AT LOWMAN ID,1163.229,44.085278,-115.622222,78021942
13161500,BRUNEAU RIVER AT ROWLAND NV,986.1309,41.933237,-115.674527,78028215
10316500,"LAMOILLE C NR LAMOILLE, NV",64.7784,40.690761,-115.477003,77012549
10244950,"STEPTOE C NR ELY, NV",28.1961,39.201539,-114.689161,77009597
12374250,Mill Cr ab Bassoo Cr nr Niarada MT,50.7897,47.829664,-114.69763,78017191
12390700,Prospect Creek at Thompson Falls MT,470.2338,47.586046,-115.355153,78016400
12411000,NF COEUR D ALENE R AB SHOSHONE CK NR PRICHARD ID,867.4833,47.706111,-115.979167,78015712
12388400,Revais Cr bl West Fork nr Dixon MT,60.8409,47.266317,-114.406786,78016628
13337000,LOCHSA RIVER NR LOWELL ID,3053.417,46.150833,-115.587222,78017893
13340600,NF CLEARWATER RIVER NR CANYON RANGER STATION ID,3354.622,46.840466,-115.620703,78017906
13083000,TRAPPER CREEK NR OAKLEY ID,133.1838,42.165833,-113.983611,78027334
10172700,"VERNON CREEK NEAR VERNON, UT",69.92911,39.979391,-112.38023,77011073
10172800,"SOUTH WILLOW CREEK NEAR GRANTSVILLE, UT",11.0709,40.496331,-112.574403,77012411
10234500,"BEAVER RIVER NEAR BEAVER, UT",236.4192,38.280526,-112.568271,77015647
09404450,"EAST FORK VIRGIN RIVER NEAR GLENDALE, UT",192.96,37.339427,-112.604377,77015975
10173450,"MAMMOTH CREEK ABV WEST HATCH DITCH, NEAR HATCH, UT",268.5276,37.622757,-112.516877,77015440
10242000,"COAL CREEK NEAR CEDAR CITY, UT",208.6857,37.672199,-113.03467,77016187
09505200,"WET BEAVER CREEK NEAR RIMROCK, AZ.",285.6771,34.674744,-111.672094,77028470
09505350,"DRY BEAVER CREEK NEAR RIMROCK, AZ.",365.6619,34.728631,-111.775708,77028417
09505800,"WEST CLEAR CREEK NEAR CAMP VERDE, AZ.",614.9414,34.538636,-111.694036,77028303
09508300,"WET BOTTOM CREEK NEAR CHILDS, AZ.",93.0006,34.160868,-111.692924,77031005
09510200,"SYCAMORE CREEK NEAR FORT MCDOWELL, AZ.",425.3085,33.694211,-111.541802,77028622
09512280,"CAVE CREEK BLW COTTONWOOD CR NEAR CAVE CREEK, AZ.",188.7093,33.88726,-111.954039,77028876
09513780,"NEW RIVER NEAR ROCK SPRINGS, AZ.",177.4701,33.974202,-112.099046,77030888
09484000,"SABINO CREEK NEAR TUCSON, AZ.",103.6521,32.316742,-110.810367,77034117
09484600,"PANTANO WASH NEAR VAIL, AZ.",1179.589,32.035914,-110.677582,77032930
09480000,"SANTA CRUZ RIVER NEAR LOCHIEL, AZ.",213.381,31.355378,-110.589526,77034029
12358500,Middle Fork Flathead River nr West Glacier MT,2939.194,48.495244,-114.010119,78013776
12375900,South Crow Creek near Ronan MT,19.7226,47.4916,-114.026774,78016861
12377150,Mission Cr ab Reservoir nr ST Ignatius MT,32.1768,47.322987,-113.979548,78016721
12381400,South Fork Jocko River near Arlee MT,150.9471,47.195486,-113.850653,78016128
12383500,Big Knife Creek near Arlee MT,17.6706,47.147428,-113.974272,78016043
10023000,"BIG CREEK NEAR RANDOLPH, UT",131.4567,41.609942,-111.254088,77002525
09312600,"WHITE RIVER BL TABBYUNE C NEAR SOLDIER SUMMIT, UT",195.2946,39.875793,-111.037388,77008629
10166430,"WEST CANYON CREEK NEAR CEDAR FORT, UT",70.173,40.405226,-112.100496,77009080
10205030,"SALINA CREEK NEAR EMERY, UT",134.5977,38.911914,-111.530465,77013775
09492400,"EAST FORK WHITE RIVER NEAR FORT APACHE, AZ.",128.9673,33.822272,-109.814541,77028979
09494000,"WHITE RIVER NEAR FORT APACHE, AZ.",1628.228,33.736441,-110.166767,77027971
09497800,"CIBECUE CREEK NEAR CHYSOTILE, AZ.",750.8628,33.843105,-110.557609,77028393
09497980,"CHERRY CREEK NEAR GLOBE, AZ.",516.798,33.827826,-110.856227,77028484
09447800,"BONITA CREEK NEAR MORENCI, AZ.",781.9614,32.955618,-109.531188,77032408
06043500,Gallatin River near Gallatin Gateway MT,2120.42,45.497429,-111.270511,74010867
06037500,Madison River near West Yellowstone MT,1126.247,44.656872,-111.068274,74010191
06188000,"LAMAR RIVER NR TOWER FALLS RANGER STATION, YNP",1730.28,44.927716,-110.39381,74011102
06191500,Yellowstone River at Corwin Springs MT,6783.593,45.11188,-110.794381,74009843
06280300,"SOUTH FORK SHOSHONE RIVER NEAR VALLEY, WY",793.953,44.208282,-109.554888,74017923
06221400,"DINWOODY CREEK ABOVE LAKES, NEAR BURRIS, WYO.",227.8809,43.345511,-109.410143,74018979
13011500,PACIFIC CREEK AT MORAN WY,404.0775,43.850278,-110.517778,78024332
13011900,BUFFALO FORK AB LAVA CREEK NR MORAN WY,851.8032,43.838056,-110.441111,78024601
13018300,"CACHE CREEK NEAR JACKSON, WY",27.90146,43.452153,-110.704091,78025711
13023000,GREYS RIVER AB RESERVOIR NR ALPINE WY,1161.929,43.142778,-110.976667,78024341
09210500,"FONTENELLE C NR HERSCHLER RANCH, NR FONTENELLE, WY",398.3094,42.096053,-110.416556,77001743
09223000,"HAMS FORK BELOW POLE CREEK, NEAR FRONTIER, WY",333.153,42.110494,-110.709621,77001988
09378170,"SOUTH CREEK ABOVE RESERVOIR NEAR MONTICELLO, UT",21.8979,37.846661,-109.369562,77018335
09378630,"RECAPTURE CREEK NEAR BLANDING, UT",10.4238,37.75555,-109.476511,77018107
09386900,"RIO NUTRIA NEAR RAMAH, NM",184.9419,35.282529,-108.553411,77023116
09430500,"GILA RIVER NEAR GILA, NM",4804.927,33.061179,-108.537275,77027499
09430600,"MOGOLLON CREEK NEAR CLIFF, NM",190.522,33.166733,-108.649779,77028957
06154410,Little Peoples Creek near Hays MT,33.4053,47.966104,-108.66071,74003342
06224000,"BULL LAKE CREEK ABOVE BULL LAKE, WY",484.8579,43.176901,-109.202911,74017042
09081600,"CRYSTAL RIVER AB AVALANCHE C, NEAR REDSTONE, CO.",432.8928,39.232207,-107.227273,77007381
09306242,"CORRAL GULCH NEAR RANGELY, CO.",81.9855,39.92025,-108.472872,77008932
09352900,"VALLECITO CREEK NEAR BAYFIELD, CO.",188.1514,37.477501,-107.543669,77016387
08324000,"JEMEZ RIVER NEAR JEMEZ, NM",1207.948,35.661694,-106.743369,75000882
06278300,"SHELL CREEK ABOVE SHELL CREEK RESERVOIR, WY",58.851,44.50802,-107.403689,74010372
06289000,Little Bighorn River at State Line nr Wyola MT,471.2687,45.00691,-107.615095,74011687
06291500,Lodge Grass Cr ab Willow C Div nr Wyola MT,217.9557,45.126445,-107.600545,74012104
06311000,"NORTH FORK POWDER RIVER NEAR HAZELTON, WY",61.2315,44.027742,-107.080895,74021560
06614800,"MICHIGAN RIVER NEAR CAMERON PASS, CO.",4.0284,40.496094,-105.865012,74034337
06622700,"NORTH BRUSH CREEK NEAR SARATOGA, WY",98.703,41.370245,-106.520581,74036663
06623800,"ENCAMPMENT RIVER AB HOG PARK CR, NR ENCAMPMENT, WY",187.6617,41.023579,-106.824766,74032328
06632400,"ROCK CREEK AB KING CANYON CANAL, NR ARLINGTON, WY",162.9855,41.585245,-106.222791,74023235
06746095,"JOE WRIGHT CREEK ABOVE JOE WRIGHT RESERVOIR, CO.",8.9046,40.539982,-105.88279,74034549
07083000,"HALFMOON CREEK NEAR MALTA, CO.",60.76139,39.172213,-106.389193,74042821
09034900,"BOBTAIL CREEK NEAR JONES PASS, CO.",15.6492,39.760264,-105.906401,77010786
09035800,"DARLING CREEK NEAR LEAL, CO.",22.9437,39.800542,-106.026407,77010786
09035900,"SOUTH FORK OF WILLIAMS FORK NEAR LEAL, CO.",72.8421,39.79582,-106.030573,77010664
09047700,"KEYSTONE GULCH NEAR DILLON, CO.",23.5701,39.594431,-105.972516,77008438
09065500,"GORE CREEK AT UPPER STATION, NEAR MINTURN, CO.",37.7757,39.625819,-106.278082,77010473
09066000,"BLACK GORE CREEK NEAR MINTURN, CO.",32.4099,39.596375,-106.265026,77010411
09066200,"BOOTH CREEK NEAR MINTURN, CO.",16.0965,39.648319,-106.323083,77009034
09066300,"MIDDLE CREEK NEAR MINTURN, CO.",15.5223,39.645819,-106.382251,77009034
09107000,"TAYLOR RIVER AT TAYLOR PARK, CO.",331.6194,38.860271,-106.566697,77015438
07208500,"RAYADO CREEK NEAR CIMARRON, NM",159.2235,36.372258,-104.970003,74056957
08267500,"RIO HONDO NEAR VALDEZ, NM",96.2577,36.541693,-105.556398,75000317
08269000,"RIO PUEBLO DE TAOS NEAR TAOS, NM",163.2663,36.439472,-105.50362,75001085
08271000,"RIO LUCERO NEAR ARROYO SECO, NM",43.7742,36.508361,-105.530842,75000797
08377900,"RIO MORA NEAR TERRERO, NM",139.0311,35.777254,-105.658073,75001068
08378500,"PECOS RIVER NEAR PECOS, NM",444.9591,35.708366,-105.682517,75001004
08380500,"GALLINAS CREEK NEAR MONTEZUMA, NM",198.0621,35.651986,-105.3189,75001081
06408700,RHOADS FORK NEAR ROCHFORD SD,20.7954,44.136649,-103.858536,74021663
06409000,CASTLE CR ABOVE DEERFIELD RES NEAR HILL CITY SD,205.3285,44.013592,-103.830478,74018904
06431500,SPEARFISH CR AT SPEARFISH SD,427.1049,44.482484,-103.861592,74010317
07226500,"UTE CREEK NEAR LOGAN, NM",5242.753,35.438382,-103.525794,74061640
06332515,"BEAR DEN CREEK NR MANDAREE, ND",191.4867,47.787237,-102.768526,74002470
06339100,"KNIFE RIVER AT MANNING, ND",529.1415,47.236126,-102.769907,74005665
06344600,"GREEN RIVER NR NEW HRADEC, ND",402.4971,47.027792,-103.053236,74005863
06350000,"CANNONBALL RIVER AT REGENT, ND",1501.049,46.426671,-102.55183,74005189
06352000,"CEDAR CREEK NR HAYNES, ND",1441.832,46.15417,-102.474047,74005227
06404000,BATTLE CR NEAR KEYSTONE SD,151.8273,43.872489,-103.336578,74018707
06406000,BATTLE CR AT HERMOSA SD,436.3389,43.828046,-103.196021,74018152
08079600,"DMF Brazos Rv at Justiceburg, TX",3348.947,33.038432,-101.19763,75001944
05120500,"WINTERING RIVER NR KARLSRUHE, ND",1509.827,48.138337,-100.539862,71044005
05123400,"WILLOW CREEK NR WILLOW CITY, ND",3206.101,48.588888,-100.442079,71044206
06339500,"KNIFE RIVER NR GOLDEN VALLEY, ND",3171.457,47.154453,-102.059892,74005073
06353000,"CEDAR CREEK NR RALEIGH, ND",4526.511,46.09167,-101.333742,74004483
06354000,"CANNONBALL RIVER AT BREIEN, ND",10598.19,46.376111,-100.934444,74004477
06360500,MOREAU R NEAR WHITEHORSE SD,12654.96,45.255817,-100.842921,74010462
06440200,"SOUTH FORK BAD R NEAR COTTONWOOD,SD",649.1916,43.968879,-101.76709,74017912
06441500,BAD R NEAR FORT PIERRE SD,8152.545,44.326649,-100.3843,74017150
06447000,WHITE R NEAR KADOKA SD,12849.71,43.752495,-101.524867,74016771
06450500,LITTLE WHITE R BELOW WHITE RIVER SD,4111.272,43.601385,-100.749861,74016829
06447500,LITTLE WHITE R NEAR MARTIN SD,826.6077,43.166666,-101.630149,74016847
06847900,"PRAIRIE DOG C AB KEITH SEBELIUS LAKE, KS",1536.188,39.769849,-100.100779,74038522
07301410,"Sweetwater Ck nr Kelton, TX",769.6656,35.473104,-100.12095,74061364
07299670,"Groesbeck Ck at SH 6 nr Quanah, TX",828.3573,34.35452,-99.740372,74062543
07301500,"North Fork Red River near Carter, OK",6885.075,35.168108,-99.507313,74061325
08082700,"Millers Ck nr Munday, TX",276.0354,33.329266,-99.465083,75002891
08165300,"N Fk Guadalupe Rv nr Hunt, TX",435.9924,30.064097,-99.386992,75012857
08190000,"Nueces Rv at Laguna, TX",1961.433,29.428567,-99.997287,75018147
08190500,"W Nueces Rv nr Brackettville, TX",1799.09,29.472731,-100.236463,75018192
08195000,"Frio Rv at Concan, TX",1028.286,29.488565,-99.704776,75018245
08196000,"Dry Frio Rv nr Reagan Wells, TX",326.9781,29.504676,-99.781445,75017678
08198500,"Sabinal Rv at Sabinal, TX",624.347,29.314306,-99.480472,75018249
08202700,"Seco Ck at Rowe Ranch nr D'Hanis, TX",434.745,29.370789,-99.287819,75018108
05056000,"SHEYENNE RIVER NR WARWICK, ND",4862.024,47.805553,-98.716217,71047102
06468170,"JAMES RIVER NR GRACE CITY, ND",2809.098,47.558053,-98.862885,74001449
06468250,"JAMES RIVER ABOVE ARROWWOOD LAKE NR KENSAL, ND",3242.608,47.399719,-98.797606,74004635
06452000,WHITE R NEAR OACOMA SD,25791.04,43.748327,-99.556495,74016731
06477500,FIRESTEEL CR NEAR MOUNT VERNON SD,1512.444,43.7764,-98.245672,74017594
06453600,"PONCA CREEK AT VERDEL, NEBR.",2101.42,42.810994,-98.175858,74023062
06464500,KEYA PAHA R AT WEWELA SD,2914.043,43.028893,-99.780671,74016469
06784000,"SOUTH LOUP R AT ST. MICHAEL, NEBR.",6019.745,41.032444,-98.740533,74029356
06853800,"WHITE ROCK C NR BURR OAK, KS",589.4253,39.899249,-98.250425,74039096
07142300,"RATTLESNAKE C NR MACKSVILLE, KS",1819.941,37.871594,-98.876137,74046764
07148400,"Salt Fork Arkansas River nr Alva, OK",2544.504,36.815031,-98.648139,74053957
07149000,"MEDICINE LODGE R NR KIOWA, KS",2291.199,37.039202,-98.470215,74046707
07315200,"E Fk Little Wichita Rv nr Henrietta, TX",501.6159,33.812878,-98.085041,74068036
08086212,"Hubbard Ck bl Albany, TX",1584.818,32.732897,-99.14063,75006376
08086290,"Big Sandy Ck abv Breckenridge, TX",732.9825,32.648456,-99.004515,75006452
08101000,"Cowhouse Ck at Pidcoke, TX",1177.1,31.28489,-97.885024,75011886
08103900,"S Fk Rocky Ck nr Briggs, TX",86.00084,30.911568,-98.036968,75016819
08150800,"Beaver Ck nr Mason, TX",557.5212,30.643515,-99.095885,75012742
08155200,"Barton Ck at SH 71 nr Oak Hill, TX",232.7427,30.296316,-97.925565,75015649
08158700,"Onion Ck nr Driftwood, TX",320.3442,30.082989,-98.007786,75013052
08158810,"Bear Ck bl FM 1826 nr Driftwood, TX",31.7889,30.155487,-97.940008,75015371
08171300,"Blanco Rv nr Kyle, TX",1067.474,29.979383,-97.910005,75012138
08178880,"Medina Rv at Bandera, TX",850.5792,29.723835,-99.070035,75012391
08200000,"Hondo Ck nr Tarpley, TX",249.1146,29.569673,-99.246706,75013557
08194200,"San Casimiro Ck nr Freer, TX",1220.584,27.965013,-98.966968,75018021
05057000,"SHEYENNE RIVER NR COOPERSTOWN, ND",7582.457,47.432771,-98.027595,71047086
05087500,"MIDDLE RIVER AT ARGYLE, MN",600.8184,48.341089,-96.818117,71044653
05057200,"BALDHILL CREEK NR DAZEY, ND",1897.332,47.229156,-98.124819,71047232
05062500,"WILD RICE RIVER AT TWIN VALLEY, MN",2407.047,47.266629,-96.24478,71047203
06470800,"BEAR CREEK NR OAKES, ND",1071.145,46.225244,-98.071768,74005251
05291000,"WHETSTONE RIVER NEAR BIG STONE CITY, SD",1046.776,45.291632,-96.487557,74011134
06479215,BIG SIOUX RIVER NR FLORENCE SD,175.2822,45.180795,-97.18619,74014714
06479438,BIG SIOUX R NEAR WATERTOWN SD,951.9129,45.006075,-97.165076,74010848
06601000,"OMAHA CR AT HOMER, NEBR",450.1989,42.321581,-96.487683,74024306
06803510,"LITTLE SALT CREEK NEAR LINCOLN, NEBR.",113.2785,40.893114,-96.681553,74035588
06803530,"ROCK CREEK NEAR CERESCO, NEBR.",309.7458,41.015697,-96.544283,74031895
06885500,"BLACK VERMILLION R NR FRANKFORT, KS",1062.869,39.681924,-96.442894,74039211
06876700,"SALT C NR ADA, KS",1056.442,39.139069,-97.83696,74038931
06878000,"CHAPMAN C NR CHAPMAN, KS",776.4183,39.031109,-97.040292,74039032
06879650,"KINGS C NR MANHATTAN, KS",11.5065,39.101948,-96.595214,74040718
07180500,"CEDAR C NR CEDAR POINT, KS",275.5053,38.196451,-96.824579,74052267
07145700,"SLATE C AT WELLINGTON, KS",399.8106,37.24955,-97.403896,74047459
07151500,"CHIKASKIA R NR CORBIN, KS",2108.996,37.128912,-97.601439,74046594
07167500,"OTTER C AT CLIMAX, KS",319.6179,37.70821,-96.223602,74047983
07315700,"Mud Creek near Courtney, OK",1488.686,34.004265,-97.566968,74062345
08050800,"Timber Ck nr Collinsville, TX",100.9324,33.554554,-96.947227,75004183
08104900,"S Fk San Gabriel Rv at Georgetown, TX",342.6174,30.62575,-97.69112,75013210
08109700,"Middle Yegua Ck nr Dime Box, TX",610.1262,30.339378,-96.904704,75013232
08164000,"Lavaca Rv nr Edna, TX",2123.997,28.959984,-96.686367,75017965
08164300,"Navidad Rv nr Hallettsville, TX",861.5421,29.466908,-96.812756,75018169
08164600,"Garcitas Ck nr Inez, TX",253.9206,28.891376,-96.819149,75019325
08175000,"Sandies Ck nr Westhoff, TX",1421.657,29.215248,-97.449435,75018575
08176900,"Coleto Ck at Arnold Rd nr Schroeder, TX",925.4421,28.861653,-97.226379,75018660
08189500,"Mission Rv at Refugio, TX",1808.286,28.291951,-97.279159,75018442
06814000,"TURKEY C NR SENECA, KS",713.826,39.947777,-96.108615,74038029
06888500,"MILL C NR PAXICO, KS",842.346,39.062655,-96.150252,74039344
06889200,"SOLDIER C NR DELIA, KS",385.6599,39.23833,-95.888599,74039162
06889500,"SOLDIER C NR TOPEKA, KS",748.5822,39.09938,-95.724952,74038882
06892000,"STRANGER C NR TONGANOXIE, KS",1092.723,39.116327,-95.010881,74038786
06910800,"MARAIS DES CYGNES R NR READING, KS",444.5973,38.567005,-95.961632,74039316
06911900,"DRAGOON C NR BURLINGAME, KS",293.0553,38.71069,-95.836029,74039754
06917000,"L OSAGE R AT FULTON, KS",765.7839,38.018968,-94.713668,74047164
07184000,"LIGHTNING C NR MCCUNE, KS",510.8391,37.281254,-95.032668,74047675
07197000,"Baron Fork at Eldon, OK",808.4485,35.9212,-94.838563,74055506
07335700,"Kiamichi River near Big Cedar, OK",102.5696,34.638437,-94.612724,74063970
08066200,"Long King Ck at Livingston, TX",364.1202,30.716306,-94.958824,75013207
08066300,"Menard Ck nr Rye, TX",383.5714,30.481389,-94.779722,75014203
08070000,"E Fk San Jacinto Rv nr Cleveland, TX",841.0554,30.336598,-95.1041,75012494
08070200,"E Fk San Jacinto Rv nr New Caney, TX",989.3655,30.145493,-95.124376,75012494
05129115,"VERMILION RIVER NR CRANE LAKE, MN",2357.585,48.264628,-92.565994,71044075
05131500,"LITTLE FORK RIVER AT LITTLEFORK, MN",4383.507,48.395776,-93.549327,71044056
05458000,"Little Cedar River near Ionia, IA",776.7648,43.03328,-92.503544,74023263
05487980,"White Breast Creek near Dallas, IA",882.7254,41.246885,-93.26607,74030833
05488200,"English Creek near Knoxville, IA",234.2088,41.300553,-93.045481,74032448
05489000,"Cedar Creek near Bussey, IA",964.7559,41.219002,-92.908533,74030911
06903400,"Chariton River near Chariton, IA",481.4154,40.95189,-93.259848,74031165
06906800,"Lamine River near Otterville, MO",1414.753,38.70225,-92.978833,74037818
06918460,"Turnback Creek above Greenfield, MO",650.6892,37.402369,-93.802028,74047441
06919500,"Cedar Creek near Pleasant View, MO",1069.424,37.834203,-93.875492,74046870
06921070,"Pomme de Terre River near Polk, MO",712.586,37.682653,-93.370333,74047116
06921200,"Lindley Creek near Polk, MO",323.6193,37.750467,-93.266183,74048014
07195800,"Flint Creek at Springtown, AR",38.2347,36.255481,-94.433942,74059023
07196900,"Baron Fork at Dutch Mills, AR",106.3521,35.880082,-94.486606,74057017
07340300,"Cossatot River near Vandervoort, AR",230.4347,34.379554,-94.235763,74063328
07359610,"Caddo River near Caddo Gap, AR",342.2349,34.38278,-93.60611,74062986
07362587,"Alum Fork Saline River near Reform, AR",69.7725,34.797591,-92.933507,74065351
07346045,"Black Cypress Bayou at Jefferson, TX",959.8869,32.777917,-94.357415,74067846
08023080,"Bayou Grand Cane near Stanley, LA",187.6086,31.979333,-93.934077,75007352
08025500,"Bayou Toro near Toro, LA",383.0247,31.307127,-93.515729,75006940
08029500,"Big Cow Ck nr Newton, TX",333.3996,30.818889,-93.785556,75012954
04015330,"KNIFE RIVER NEAR TWO HARBORS, MN",224.3547,46.94688,-91.792401,72041760
04024430,"NEMADJI RIVER NEAR SOUTH SUPERIOR, WI",1091.25,46.633274,-92.09408,72041048
04027000,"BAD RIVER NEAR ODANAH, WI",1619.847,46.486614,-90.696297,72040349
05362000,"JUMP RIVER AT SHELDON, WI",1477.292,45.308026,-90.956525,74010895
05408000,"KICKAPOO RIVER AT LA FARGE, WI",689.3334,43.57414,-90.643186,74017888
05412500,"Turkey River at Garber, IA",3858.214,42.739988,-91.261799,74022462
05413500,"GRANT RIVER AT BURTON, WI",695.3256,42.720271,-90.819294,74024219
05454000,"Rapid Creek near Iowa City, IA",65.3814,41.700017,-91.487668,74026074
05466500,"EDWARDS RIVER NEAR NEW BOSTON, IL",1151.567,41.186977,-90.967366,74030666
05495000,"Fox River at Wayland, MO",1027.552,40.392408,-91.597875,74030539
05495500,"BEAR CREEK NEAR MARCELLINE, IL",905.5557,40.142824,-91.33737,74031472
05501000,"North River at Palmyra, MO",922.8276,39.817992,-91.5177,74037789
05503800,"Crooked Creek near Paris, MO",212.6412,39.584828,-91.993489,74040795
05507600,"Lick Creek at Perry, MO",275.3757,39.43143,-91.676271,74039958
05508805,"Spencer Cr. bl Plum Cr. nr Frankford, MO",536.4018,39.520464,-91.34275,74039319
05584500,"LA MOINE RIVER AT COLMAR, IL",1695.671,40.330322,-90.896245,74030821
05514500,"CUIVRE RIVER NEAR TROY, MO",2407.411,39.008803,-90.977536,74038647
06934000,"Gasconade River near Rich Fountain, MO",8264.9,38.388808,-91.819889,74046407
07014500,"Meramec River near Sullivan, MO",3845.5,38.158531,-91.108458,74046524
07057500,"North Fork River near Tecumseh, MO",1456.436,36.623033,-92.248125,74054405
07066000,"Jacks Fork at Eminence, MO",1053.496,37.154081,-91.358161,74045739
07071500,"Eleven Point River near Bardley, MO",2023.769,36.648681,-91.200819,74055028
07056000,"Buffalo River near St. Joe, AR",2149.364,35.983175,-92.747553,74054948
07060710,"North Sylamore Creek near Fifty Six, AR",150.0277,35.995351,-92.212655,74056758
07261000,"Cadron Creek near Guy, AR",445.8141,35.2988,-92.403931,74062767
07263295,"Maumelle River at Williams Junction, AR",119.0277,34.876201,-92.774612,74063286
07362100,"SMACKOVER CREEK NEAR SMACKOVER, ARK.",996.0786,33.375956,-92.777106,74067882
07373000,"Big Creek at Pollock, LA",131.1775,31.536287,-92.408471,74070409
08013000,"CALCASIEU RIVER NR GLENMORA, LA",1293.693,30.996023,-92.673755,74071430
08014500,"Whiskey Chitto Creek Near Oberlin, LA",1305.147,30.69875,-92.893194,74071326
04043050,"TRAP ROCK RIVER NEAR LAKE LINDEN, MI",76.6224,47.228536,-88.385393,72042638
04040500,"STURGEON RIVER NEAR SIDNAW, MI",419.8266,46.584106,-88.57597,72041505
04074950,"WOLF RIVER AT LANGLADE, WI",1205.531,45.18997,-88.73344,72047028
05393500,"SPIRIT RIVER AT SPIRIT FALLS, WI",220.4352,45.449132,-89.979311,74011916
05399500,"BIG EAU PLEINE RIVER AT STRATFORD, WI",576.3033,44.82191,-90.079575,74011273
05414000,"PLATTE RIVER NEAR ROCKVILLE, WI",370.7901,42.731104,-90.640405,74024922
05444000,"ELKHORN CREEK NEAR PENROSE, IL",376.3512,41.902807,-89.696223,74024347
05556500,"BIG BUREAU CREEK AT PRINCETON, IL",505.0946,41.36587,-89.498427,74029721
05585000,"LA MOINE RIVER AT RIPLEY, IL",3354.608,40.02477,-90.631795,74030431
05593575,"LITTLE CROOKED CREEK NEAR NEW MINDEN, IL",217.6731,38.441716,-89.416751,74048299
05593900,"EAST FORK SHOAL CREEK NEAR COFFEEN, IL",145.4472,39.148935,-89.352305,74043244
07067000,"Current River at Van Buren, MO",4349.011,36.991378,-91.013511,74053771
07068000,"Current River at Doniphan, MO",5318.585,36.622003,-90.847623,74053748
07290650,"BAYOU PIERRE NR WILLOWS, MS",1688.728,32.017778,-90.876944,74070171
07291000,"HOMOCHITTO RIVER AT EDDICETON, MS",479.2959,31.503056,-90.7775,74070233
07292500,"HOMOCHITTO RIVER AT ROSETTA, MS",2073.093,31.324722,-91.109444,74070139
07295000,"BUFFALO RIVER NR WOODVILLE, MS",466.5798,31.226944,-91.295556,74070255
07375000,"Tchefuncta River near Folsom, LA",249.3477,30.616022,-90.248695,74071760
07376000,"Tickfaw River at Holden, LA",651.6053,30.503802,-90.677316,74071384
04057510,"STURGEON RIVER NEAR NAHMA JUNCTION, MI",473.5728,45.943024,-86.7057,72046585
04057800,"MIDDLE BRANCH ESCANABA RIVER AT HUMBOLDT, MI",115.8705,46.499103,-87.886524,72042504
04059500,"FORD RIVER NEAR HYDE, MI",1184.366,45.755523,-87.201524,72046928
04063700,"POPPLE RIVER NEAR FENCE, WI",362.5712,45.76357,-88.463178,72047270
05525500,"SUGAR CREEK AT MILFORD, IL",1158.759,40.630036,-87.723918,74030989
03338780,"NORTH FORK VERMILION RIVER NEAR BISMARCK, IL",691.5555,40.265314,-87.642799,74031173
05591550,"WHITLEY CREEK NEAR ALLENVILLE, IL",96.20551,39.5067,-88.527555,74040654
05592050,"ROBINSON CREEK NEAR SHELBYVILLE, IL",254.1213,39.405873,-88.896463,74039729
03346000,"NORTH FORK EMBARRAS RIVER NEAR OBLONG, IL",814.6935,39.010042,-87.945588,74038919
05592575,"HICKORY CREEK NEAR BROWNSTOWN, IL",115.2504,38.93699,-88.952838,74040736
05595730,"RAYSE CREEK NEAR WALTONVILLE, IL",236.7603,38.253939,-89.039793,74048212
03384450,"LUSK CREEK NEAR EDDYVILLE, IL",111.1266,37.472273,-88.547269,74048946
03604000,"BUFFALO RIVER NEAR FLAT WOODS, TN",1163.026,35.495906,-87.832804,74054257
02430085,"RED BUD CREEK NR MOORES MILL, MS",40.5621,34.466667,-88.283611,73013773
02430615,"MUD CREEK NR FAIRVIEW, MS",28.7145,34.3925,-88.355,73013690
03592718,"LITTLE YELLOW CREEK EAST NR BURNSVILLE, MS",66.9897,34.835556,-88.288056,73012618
02472000,"LEAF RIVER NR COLLINS, MS",1927.134,31.706944,-89.406944,73017623
02472500,"BOUIE CREEK NR HATTIESBURG, MS",789.9363,31.425833,-89.414722,73018136
02479155,"CYPRESS CREEK NR JANICE, MS",137.2806,31.025278,-89.016667,73018739
02479300,"RED CREEK AT VESTRY, MS",1144.201,30.736111,-88.781111,73018069
02479560,ESCATAWPA RIVER NEAR AGRICOLA MS,1454.328,30.809077,-88.458627,73018026
02481000,"BILOXI RIVER AT WORTHAM, MS",249.2316,30.558611,-89.121944,74071669
02481510,"WOLF RIVER NR LANDON, MS",800.6598,30.483611,-89.274444,74071373
04045500,"TAHQUAMENON RIVER NEAR PARADISE, MI",1909.592,46.575015,-85.269555,72040114
04056500,"MANISTIQUE RIVER NEAR MANISTIQUE, MI",2945.888,46.030529,-86.161249,72046127
04127918,"PINE RIVER NEAR RUDYARD, MI",548.2863,46.185851,-84.597826,72046420
04124000,"MANISTEE RIVER NEAR SHERMAN, MI",2243.628,44.436392,-85.698679,72051516
04122200,"WHITE RIVER NEAR WHITEHALL, MI",1048.284,43.464179,-86.232567,72055577
04122500,"PERE MARQUETTE RIVER AT SCOTTVILLE, MI",1769.188,43.945006,-86.27869,72051286
04105700,"AUGUSTA CREEK NEAR AUGUSTA, MI",98.0415,42.353373,-85.353889,72059423
03340800,BIG RACCOON CREEK NEAR FINCASTLE IND,357.6537,39.812545,-86.953899,74039456
03357350,"PLUM CREEK NEAR BAINBRIDGE, IND.",7.7535,39.761713,-86.72945,74044397
03364500,"CLIFTY CREEK AT HARTSVILLE, IN",237.0879,39.274773,-85.701647,74040366
02450250,SIPSEY FORK NEAR GRAYSON AL,231.8252,34.285378,-87.398908,73012267
03574500,PAINT ROCK RIVER NEAR WOODVILLE AL,813.8025,34.624255,-86.306374,74062486
02422500,MULBERRY CREEK AT JONES AL,527.5476,32.58291,-86.903599,73015275
02464000,NORTH RIVER NEAR SAMANTHA AL,578.9448,33.479281,-87.59723,73014906
02464146,TURKEY CREEK NEAR TUSCALOOSA,15.8229,33.413448,-87.51056,73017340
02464360,BINION CREEK BELOW GIN CREEK NEAR SAMANTHA AL,148.6152,33.424837,-87.642509,73015619
02465493,ELLIOTTS CREEK AT MOUNDVILLE AL,83.4174,32.997346,-87.62223,73016821
02369800,BLACKWATER RIVER NEAR BRADLEY AL,227.5129,31.02768,-86.709957,73018523
02374500,MURDER CREEK NEAR EVERGREEN AL,445.7151,31.4185,-86.98664,73018370
02427250,"PINE BARREN CREEK NEAR SNOW HILL, AL.",675.2439,31.996258,-87.068319,73014517
02469800,SATILPA CREEK NEAR COFFEEVILLE AL,422.6814,31.744325,-88.022507,73018366
04127997,"STURGEON RIVER AT WOLVERINE, MI",487.1601,45.274457,-84.600031,72047462
04115265,"FISH CREEK NEAR CRYSTAL, MI",95.77711,43.249755,-84.981125,72057217
04185000,Tiffin River at Stryker OH,1064.001,41.504496,-84.429672,72058177
03241500,Massies Creek at Wilberforce OH,170.9145,39.722838,-83.882707,74040187
03368000,"BRUSH CREEK NEAR NEBRASKA, IN",29.7216,39.070331,-85.486077,74042595
03285000,"DIX RIVER NEAR DANVILLE, KY",822.3408,37.642023,-84.660777,74047166
03291780,"INDIAN-KENTUCK CREEK NR CANAAN, IND.",71.4105,38.878114,-85.257179,74042178
03300400,"BEECH FORK AT MAUD, KY",1128.578,37.83284,-85.296069,74046735
03366500,"MUSCATATUCK RIVER NEAR DEPUTY, IN",755.2151,38.804223,-85.673855,74038908
02384540,"MILL CREEK NEAR CRANDALL, GA",21.3714,34.872024,-84.721326,73014158
02395120,"TWO RUN CREEK NEAR KINGSTON, GA",84.0105,34.242778,-84.889722,73012574
02408540,HATCHET CREEK BELOW ROCKFORD AL,682.4097,32.91679,-86.270251,73015053
02415000,HILLABEE CREEK NEAR HACKNEYVILLE AL,491.3829,33.066787,-85.87913,73015210
02342933,SOUTH FORK COWIKEE CREEK NEAR BATESVILLE AL,290.0952,32.017657,-85.29577,73017744
02361000,"CHOCTAWHATCHEE RIVER NEAR NEWTON, AL.",1781.611,31.342949,-85.610491,73018086
02363000,PEA RIVER NEAR ARITON AL,1292.513,31.594887,-85.782998,73017617
02371500,CONECUH RIVER AT BRANTLEY AL,1292.785,31.573495,-86.251623,73017793
02372250,PATSALIGA CREEK NEAR BRANTLEY AL,1145.223,31.596272,-86.405518,73017796
04161580,"STONY CREEK NEAR ROMEO, MI",64.3104,42.800864,-83.090212,72056630
03144000,Wakatomika Creek near Frazeysburg OH,363.4146,40.132568,-82.14792,74031412
04196800,Tymochtee Creek at Crawford OH,608.067,40.922833,-83.348812,72059517
04197100,Honey Creek at Melmore OH,388.2105,41.022278,-83.109638,72059542
04197170,Rock Creek at Tiffin OH,95.20831,41.113666,-83.168252,72059753
03237500,Ohio Brush Creek near West Union OH,1003.208,38.803684,-83.421023,74038888
03238500,White Oak Creek near Georgetown OH,568.5038,38.858125,-83.928539,74039380
03237280,Upper Twin Creek at McGaw OH,32.9542,38.643687,-83.215736,74041395
03281500,"SOUTH FORK KENTUCKY RIVER AT BOONEVILLE, KY",1838.22,37.47981,-83.675192,74046032
03280700,"CUTSHIN CREEK AT WOOTON, KY",158.2227,37.165093,-83.307956,74048363
03281100,"GOOSE CREEK AT MANCHESTER, KY",422.7237,37.152034,-83.760197,74046179
02177000,"CHATTOOGA RIVER NEAR CLAYTON, GA",526.7736,34.813981,-83.305993,73011365
02178400,"TALLULAH RIVER NEAR CLAYTON, GA",151.2753,34.890371,-83.530441,73012339
03455500,"W F PIGEON R ABOVE LAKE LOGAN NR HAZELWOOD, NC",72.9522,35.396111,-82.9375,74063960
03456500,"EAST FORK PIGEON RIVER NEAR CANTON, NC",133.4268,35.461667,-82.869722,74066647
03460000,"CATALOOCHEE CREEK NEAR CATALOOCHEE, NC",127.019,35.6675,-83.073611,74056987
03498500,"LITTLE RIVER NEAR MARYVILLE, TN",696.7582,35.785621,-83.884604,74055449
03500000,"LITTLE TENNESSEE RIVER NEAR PRENTISS, NC",361.1439,35.15,-83.379722,74063021
03500240,"CARTOOGECHAYE CREEK NEAR FRANKLIN, NC",145.8639,35.158889,-83.394167,74063851
03504000,"NANTAHALA RIVER NEAR RAINBOW SPRINGS, NC",134.5167,35.1275,-83.618611,74063292
02381600,"FAUSETT CREEK NEAR TALKING ROCK, GA",10.3248,34.570366,-84.468816,73013873
02212600,"FALLING CREEK NEAR JULIETTE, GA",187.9614,33.099854,-83.72351,73015664
02215100,"TUCSAWHATCHEE CREEK NEAR HAWKINSVILLE, GA",420.2923,32.239444,-83.501667,73015359
02221525,"MURDER CREEK BELOW EATONTON, GA",490.7976,33.252355,-83.481276,73015204
02349900,"TURKEY CREEK AT BYROMVILLE, GA",122.8673,32.195556,-83.902222,73015837
02350900,"KINCHAFOONEE CREEK NEAR DAWSON, GA",1365.12,31.764444,-84.253333,73017807
02327100,"SOPCHOPPY RIVER NR SOPCHOPPY, FLA.",271.1182,30.129369,-84.494348,73020707
03021350,"French Creek near Wattsburg, PA",239.6691,42.015332,-79.782551,74024575
04213000,Conneaut Creek at Conneaut OH,455.2974,41.926999,-80.603966,72058362
04213075,"Brandy Run near Girard, PA",11.6514,41.992,-80.291174,72058365
03140000,Mill Creek near Coshocton OH,70.3458,40.362846,-81.862356,74034097
03159540,Shade River near Chester OH,400.851,39.063689,-81.881802,74039270
03213700,"TUG FORK AT WILLIAMSON, WV",2425.06,37.673157,-82.280141,74046628
02111180,"ELK CREEK AT ELKVILLE, NC",131.4666,36.071389,-81.403056,73010813
02111500,"REDDIES RIVER AT NORTH WILKESBORO, NC",233.6607,36.175,-81.168889,73009869
02112120,"ROARING RIVER NEAR ROARING RIVER, NC",322.2684,36.250278,-81.044444,73009736
02140991,"JOHNS RIVER AT ARNEYS STORE, NC",521.9865,35.833611,-81.711944,73009623
03161000,"SOUTH FORK NEW RIVER NEAR JEFFERSON, NC",527.8624,36.393333,-81.406944,74055269
03164000,"NEW RIVER NEAR GALAX, VA",2952.736,36.64735,-80.978969,74054784
03165000,"CHESTNUT CREEK AT GALAX, VA",101.9961,36.645961,-80.919244,74059851
03471500,"S F HOLSTON RIVER AT RIVERSIDE NR CHILHOWIE, VA",198.1611,36.760393,-81.631229,74060332
03473000,"S F HOLSTON RIVER NEAR DAMASCUS, VA",784.8126,36.651781,-81.84401,74055453
03479000,"WATAUGA RIVER NEAR SUGAR GROVE, NC",235.6011,36.239167,-81.822222,74056281
03488000,"N F HOLSTON RIVER NEAR SALTVILLE, VA",578.206,36.896781,-81.746229,74054418
02137727,"CATAWBA R NR PLEASANT GARDENS, NC",329.544,35.685833,-82.060278,73009787
02143000,"HENRY FORK NEAR HENRY RIVER, NC",216.6723,35.684444,-81.403333,73009716
02143040,"JACOB FORK AT RAMSEY, NC",66.48413,35.590686,-81.567037,73010425
02149000,"COVE CREEK NEAR LAKE LURE, NC",203.8527,35.423454,-82.111498,73009781
02152100,"FIRST BROAD RIVER NEAR CASAR, NC",154.9944,35.493056,-81.682222,73009768
03439000,"FRENCH BROAD RIVER AT ROSMAN, NC",178.6674,35.143333,-82.824722,74063306
03450000,"BEETREE CREEK NEAR SWANNANOA, NC",14.0805,35.653056,-82.405278,74057433
03463300,"SOUTH TOE RIVER NEAR CELO, NC",112.1589,35.831507,-82.184287,74057692
02193340,"KETTLE CREEK NEAR WASHINGTON, GA",87.8733,33.682628,-82.857923,73012886
02196000,"STEVENS CREEK NEAR MODOC, SC",1408.382,33.729297,-82.181787,73011798
02198100,"BEAVERDAM CREEK NEAR SARDIS, GA",79.49071,32.937658,-81.815392,73016815
02216180,"TURNPIKE CREEK NEAR MCRAE, GA",129.111,31.991389,-82.921944,73017922
02314500,"SUWANNEE RIVER AT US 441, AT FARGO, GA",3322.154,30.680556,-82.560556,73017974
02231000,"ST. MARYS RIVER NR MACCLENNY, FLA.",1748.368,30.358847,-82.081501,73020465
02315500,"SUWANNEE RIVER AT WHITE SPRINGS, FLA.",6136.255,30.325781,-82.738183,73020386
02324400,"FENHOLLOWAY RIVER NEAR FOLEY, FLA.",176.2654,30.098271,-83.471811,73020735
04216418,TONAWANDA CREEK AT ATTICA NY,196.4727,42.863949,-78.283628,72055995
04221000,GENESEE RIVER AT WELLSVILLE NY,750.879,42.12229,-77.957225,72058329
04224775,CANASERAGA CREEK ABOVE DANSVILLE NY,231.8445,42.535623,-77.704161,72055236
01542810,"Waldy Run near Emporium, PA",13.6242,41.578952,-78.292512,73004375
01543000,"Driftwood Br Sinnemahoning Cr at Sterling Run, PA",705.4974,41.413396,-78.196952,73003457
01543500,"Sinnemahoning Creek at Sinnemahoning, PA",1778.258,41.317285,-78.10306,73003403
03010655,"Oswayo Creek at Shinglehouse, PA",254.4417,41.961732,-78.198066,74025138
03011800,"Kinzua Creek near Guffey, PA",100.0953,41.766451,-78.71864,74026178
03015500,"Brokenstraw Creek at Youngsville, PA",784.8513,41.852559,-79.317271,74024112
03026500,"Sevenmile Run near Rasselas, PA",20.3058,41.631173,-78.57669,74025874
03028000,"West Branch Clarion River at Wilcox, PA",161.1102,41.57534,-78.692249,74025214
01557500,"Bald Eagle Creek at Tyrone, PA",115.2963,40.683673,-78.233624,73005799
01596500,"SAVAGE RIVER NEAR BARTON, MD",124.6505,39.570056,-79.101944,73005874
03049000,"Buffalo Creek near Freeport, PA",357.1533,40.715898,-79.699494,74031680
03049800,"Little Pine Creek near Etna, PA",14.8878,40.520346,-79.938108,74032892
03076600,"BEAR CREEK AT FRIENDSVILLE, MD",127.3991,39.656139,-79.394111,74040462
03078000,"CASSELMAN RIVER AT GRANTSVILLE, MD",161.4825,39.702194,-79.136389,74040372
01594950,"MCMILLAN F NEAR FORT PENDLETON, MD",6.1182,39.27669,-79.39031,73007695
01605500,"SOUTH BRANCH POTOMAC RIVER AT FRANKLIN, WV",463.8492,38.635672,-79.33782,73006896
01606500,"SO. BRANCH POTOMAC RIVER NR PETERSBURG, WV",1684.547,38.991221,-79.175871,73006784
01620500,"NORTH RIVER NEAR STOKESVILLE, VA",44.74026,38.337626,-79.240036,73007306
01632000,"N F SHENANDOAH RIVER AT COOTES STORE, VA",543.357,38.637063,-78.852803,73006881
03050000,"TYGART VALLEY RIVER NEAR DAILEY, WV",487.287,38.809275,-79.881734,74037901
03066000,"BLACKWATER R AT DAVIS, WV",222.7851,39.127052,-79.468385,74039806
03069500,"CHEAT RIVER NEAR PARSONS, WV",1856.853,39.122884,-79.681174,74037748
03070500,"BIG SANDY CREEK AT ROCKVILLE, WV",517.3794,39.615638,-79.704774,74039710
03180500,"GREENBRIER RIVER AT DURBIN, WV",345.0564,38.543727,-79.833115,74046330
02011400,"JACKSON RIVER NEAR BACOVA, VA",407.7162,38.042347,-79.881444,73006835
02011460,"BACK CREEK NEAR SUNRISE, VA",156.3408,38.245401,-79.768663,73007045
02013000,"DUNLAP CREEK NEAR COVINGTON, VA",424.7766,37.802902,-80.047004,73008234
02014000,"POTTS CREEK NEAR COVINGTON, VA",396.783,37.729014,-80.04228,73008178
02015700,"BULLPASTURE RIVER AT WILLIAMSVILLE, VA",285.4062,38.195403,-79.570323,73007072
02016000,"COWPASTURE RIVER NEAR CLIFTON FORGE, VA",1194.551,37.791796,-79.759492,73007866
02017500,"JOHNS CREEK AT NEW CASTLE, VA",276.1497,37.50624,-80.106715,73008391
02018000,"CRAIG CREEK AT PARR, VA",852.3431,37.665962,-79.911439,73008176
02027000,"TYE RIVER NEAR LOVINGSTON, VA",240.7671,37.715419,-78.981691,73008290
02027500,"PINEY RIVER AT PINEY RIVER, VA",123.3423,37.702363,-79.027525,73009008
02053800,"S F ROANOKE RIVER NEAR SHAWSVILLE, VA",280.7226,37.140132,-80.266433,73008331
02055100,"TINKER CREEK NEAR DALEVILLE, VA",30.5352,37.417633,-79.935319,73008867
02056900,"BLACKWATER RIVER NEAR ROCKY MOUNT, VA",298.1079,37.045141,-79.844199,73008239
02059500,"GOOSE CREEK NEAR HUDDLESTON, VA",485.4078,37.1732,-79.520308,73008213
03170000,"LITTLE RIVER AT GRAYSONTOWN, VA",794.6403,37.037626,-80.556724,74045416
03173000,"WALKER CREEK AT BANE, VA",773.3151,37.268178,-80.709512,74046980
03182500,"GREENBRIER RIVER AT BUCKEYE, WV",1364.974,38.185953,-80.130623,74052399
03186500,"WILLIAMS RIVER AT DYER, WV",329.6805,38.378999,-80.483974,74047864
03187500,"CRANBERRY RIVER NEAR RICHWOOD, WV",207.415,38.29539,-80.526475,74049036
02069700,"SOUTH MAYO RIVER NEAR NETTLERIDGE, VA",221.1336,36.570971,-80.129493,73008283
02070000,"NORTH MAYO RIVER NEAR SPENCER, VA",270.6084,36.568194,-79.987265,73008269
02074500,"SANDY RIVER NEAR DANVILLE, VA",288.531,36.619583,-79.504193,73008309
02112360,"MITCHELL RIVER NEAR STATE ROAD, NC",205.2963,36.311389,-80.807222,73009739
02118500,"HUNTING CREEK NEAR HARMONY, NC",400.527,36.000556,-80.745556,73009604
02125000,"BIG BEAR CR NR RICHFIELD, NC",144.5499,35.334722,-80.335556,73009897
02128000,"LITTLE RIVER NEAR STAR, NC",273.4758,35.387222,-79.831389,73009620
02202600,"BLACK CREEK NEAR BLITCHTON, GA",590.472,32.16798,-81.488167,73015227
02245500,"SOUTH FORK BLACK CREEK NR PENNEY FARMS, FLA.",348.4345,29.979408,-81.852043,73020736
02246000,"NORTH FORK BLACK CREEK NR MIDDLEBURG, FLA.",451.0611,30.113295,-81.906492,73020695
02235200,"BLACKWATER CREEK NEAR CASSIA, FL",297.6956,28.874531,-81.489383,73022209
02300700,BULLFROG CREEK NEAR WIMAUMA FL,73.84104,27.791972,-82.352037,73021915
02310947,"WITHLACOOCHEE RIVER NEAR CUMPRESSCO, FLA.",649.5634,28.311952,-82.055915,73021599
02312200,"LITTLE WITHLACOOCHEE RIVER AT RERDELL, FLA.",413.4789,28.572773,-82.155363,73021684
02296500,CHARLIE CREEK NEAR GARDNER FL,886.3965,27.375043,-81.796471,73022246
02297155,HORSE CREEK NEAR MYAKKA HEAD FL,93.6036,27.487261,-82.02342,73022321
02297310,HORSE CREEK NEAR ARCADIA FL,528.3765,27.199495,-81.988419,73022298
02298123,PRAIRIE CREEK NEAR FORT OGDEN FL,540.6534,27.052,-81.784527,73022398
02298608,MYAKKA RIVER AT MYAKKA CITY FL,312.3423,27.343656,-82.156756,73022521
02299950,MANATEE RIVER NEAR MYAKKA HEAD FL,174.2715,27.473651,-82.211201,73022312
01510000,OTSELIC RIVER AT CINCINNATUS NY,382.986,42.541181,-75.899642,73002001
04233000,CAYUGA INLET NEAR ITHACA NY,91.8999,42.393129,-76.544943,72058582
01516500,"Corey Creek near Mainesburg, PA",31.4838,41.790907,-77.014688,73004544
01518862,"Cowanesque River at Westfield, PA",233.9109,41.923126,-77.53193,73003691
01532000,"Towanda Creek near Monroeton, PA",553.941,41.70702,-76.484665,73003481
01539000,"Fishing Creek near Bloomsburg, PA",701.7795,41.078141,-76.431056,73003470
01544500,"Kettle Creek at Cross Fork, PA",355.0644,41.475899,-77.825825,73003580
01545600,"Young Womans Creek near Renovo, PA",119.9975,41.389512,-77.690819,73003988
01547700,"Marsh Creek at Blanchard, PA",113.5386,41.059509,-77.605826,73003910
01548500,"Pine Creek at Cedar Run, PA",1557.047,41.521736,-77.44748,73003377
01549500,"Blockhouse Creek near English Center, PA",97.4853,41.473683,-77.230809,73004337
01550000,"Lycoming Creek near Trout Run, PA",452.6757,41.41841,-77.032746,73003587
01552000,"Loyalsock Creek at Loyalsockville, PA",1129.486,41.325078,-76.912464,73003371
01552500,"Muncy Creek near Sonestown, PA",60.6384,41.357024,-76.534671,73004221
01567500,"Bixler Run near Loysville, PA",38.7729,40.370916,-77.402209,73006263
01568000,"Sherman Creek at Shermans Dale, PA",534.3948,40.323419,-77.16887,73005424
01586610,"MORGAN RUN NEAR LOUISVILLE, MD",72.7047,39.451889,-76.955306,73007809
01613050,"Tonoloway Creek near Needmore, PA",27.8982,39.898421,-78.132229,73006019
01639500,"BIG PIPE CREEK AT BRUCEVILLE, MD",267.1785,39.612361,-77.237444,73005546
01591400,"CATTAIL CREEK NEAR GLENWOOD, MD",59.094,39.255972,-77.051056,73007733
01632900,"SMITH CREEK NEAR NEW MARKET, VA",245.0484,38.69345,-78.642794,73007002
01634500,"CEDAR CREEK NEAR WINCHESTER, VA",263.9817,39.081218,-78.329449,73006923
01638480,"CATOCTIN CREEK AT TAYLORSTOWN, VA",231.9951,39.254547,-77.576378,73006989
01644000,"GOOSE CREEK NEAR LEESBURG, VA",859.1698,39.019553,-77.577492,73006818
01658500,"S F QUANTICO CREEK NEAR INDEPENDENT HILL, VA",19.34224,38.587343,-77.428596,73007417
01664000,"RAPPAHANNOCK RIVER AT REMINGTON, VA",1605.101,38.53068,-77.813605,73006802
01666500,"ROBINSON RIVER NEAR LOCUST DALE, VA",463.1463,38.32513,-78.095556,73006869
01667500,"RAPIDAN RIVER NEAR CULPEPER, VA",1209.747,38.350408,-77.974997,73006805
02028500,"ROCKFISH RIVER NEAR GREENFIELD, VA",245.4534,37.869585,-78.823354,73008381
02038850,"HOLIDAY CREEK NEAR ANDERSONVILLE, VA",22.00359,37.415424,-78.635839,73008854
02046000,"STONY CREEK NEAR DINWIDDIE, VA",288.5238,37.067094,-77.602489,73008265
02051000,"NORTH MEHERRIN RIVER NEAR LUNENBURG, VA",144.8227,36.997374,-78.349718,73008396
02051500,"MEHERRIN RIVER NEAR LAWRENCEVILLE, VA",1428.706,36.716814,-77.831658,73008131
02064000,"FALLING RIVER NEAR NARUNA, VA",427.7682,37.12681,-78.959737,73008271
02065500,"CUB CREEK AT PHENIX, VA",252.5787,37.079311,-78.763618,73008382
02077200,"HYCO CREEK NEAR LEASBURG, NC",121.6944,36.397778,-79.196667,73009992
02081500,"TAR RIVER NEAR TAR RIVER, NC",428.3661,36.194167,-78.583056,73009612
02082950,"LITTLE FISHING CREEK NEAR WHITE OAK, NC",460.8531,36.183333,-77.876111,73009636
02096846,"CANE CREEK NEAR ORANGE GROVE, NC",19.5696,35.987222,-79.206111,73010692
02102908,"FLAT CREEK NEAR INVERNESS, NC",19.7253,35.182778,-79.1775,73009628
02231342,"FT DRUM CREEK AT SUNSHINE ST PKY NEAR FT DRUM, FL",111.5622,27.568647,-80.796171,73021833
04256000,INDEPENDENCE RIVER AT DONNATTSBURG NY,232.4457,43.747291,-75.334347,72055352
01350000,SCHOHARIE CREEK AT PRATTSVILLE NY,612.5148,42.319528,-74.436537,73003490
01350080,MANOR KILL AT WEST CONESVILLE NEAR GILBOA NY,83.8404,42.377026,-74.412924,73003913
01350140,MINE KILL NEAR NORTH BLENHEIM NY,43.7598,42.428968,-74.472925,73005032
01365000,RONDOUT CREEK NEAR LOWES CORNERS NY,99.5688,41.866482,-74.4871,73004654
01413500,EAST BR DELAWARE R AT MARGARETVILLE NY,424.1025,42.14481,-74.653489,73003667
01414500,MILL BROOK NEAR DUNRAVEN NY,64.4517,42.106199,-74.730435,73004768
01415000,TREMPER KILL NEAR ANDES NY,85.6287,42.120087,-74.818493,73004854
01423000,WEST BRANCH DELAWARE RIVER AT WALTON NY,859.6809,42.166196,-75.139891,73003395
01434025,BISCUIT BK ABOVE PIGEON BK AT FROST VALLEY NY,9.7002,41.99537,-74.500987,73004704
01435000,NEVERSINK RIVER NEAR CLARYVILLE NY,172.458,41.890092,-74.589879,73003743
01439500,"Bush Kill at Shoemakers, PA",305.8776,41.088151,-75.037675,73003502
01440000,FLAT BROOK NEAR FLATBROOKVILLE NJ,167.7204,41.106667,-74.952222,73003791
01440400,"Brodhead Creek near Analomink, PA",175.2084,41.084815,-75.214625,73004092
01451800,"Jordan Creek near Schnecksville, PA",135.8448,40.661762,-75.626854,73005689
01580000,"DEER CREEK AT ROCKS, MD",244.3698,39.629972,-76.403306,73005516
01583500,"WESTERN RUN AT WESTERN RUN, MD",155.8494,39.510778,-76.6765,73006645
01484100,"BEAVERDAM BRANCH AT HOUSTON, DE",9.004751,38.905778,-75.51275,73007554
01485500,"NASSAWANGO CREEK NEAR SNOW HILL, MD",141.5394,38.228917,-75.471444,73007281
01486000,"MANOKIN BRANCH NEAR PRINCESS ANNE, MD",11.1807,38.213889,-75.671389,73007248
01487000,"NANTICOKE RIVER NEAR BRIDGEVILLE, DE",187.4102,38.728333,-75.561861,73007053
01491000,"CHOPTANK RIVER NEAR GREENSBORO, MD",292.0401,38.997194,-75.785806,73007017
01669000,"PISCATAWAY CREEK NEAR TAPPAHANNOCK, VA",71.84071,37.877082,-76.900521,73009047
01669520,"DRAGON SWAMP AT MASCOT, VA",277.3854,37.633753,-76.696347,73008346
02053200,"POTECASI CREEK NEAR UNION, NC",583.6599,36.370833,-77.025556,73009565
02092500,"TRENT RIVER NEAR TRENTON, NC",447.5751,35.064167,-77.461389,73009170
02108000,"NORTHEAST CAPE FEAR RIVER NEAR CHINQUAPIN, NC",1569.485,34.828889,-77.832222,73011373
11532500,SMITH R NR CRESCENT CITY CA,1577.962,41.791503,-124.076189,77001457
14400000,"CHETCO RIVER NEAR BROOKINGS, OR",702.6345,42.123443,-124.187311,78026912
11476600,BULL C NR WEOTT CA,71.8452,40.35125,-124.003931,77011847
11478500,VAN DUZEN R NR BRIDGEVILLE CA,572.3766,40.480416,-123.890876,77006869
11481200,LITTLE R NR TRINIDAD CA,105.4035,41.010959,-124.081733,77003000
11482500,REDWOOD C A ORICK CA,718.0398,41.29929,-124.051182,77000949
11528700,SF TRINITY R BL HYAMPOM CA,1980.083,40.649863,-123.494205,77006661
11468500,NOYO R NR FORT BRAGG CA,273.5145,39.428224,-123.737792,77007373
11473900,MF EEL R NR DOS RIOS CA,1925.013,39.706267,-123.325291,77006583
11475560,ELDER C NR BRANSCOMB CA,16.794,39.7296,-123.643907,77010465
11480390,MAD R AB RUTH RES NR FOREST GLEN CA,242.5977,40.284313,-123.335303,77008702
11162500,PESCADERO C NR PESCADERO CA,118.8711,37.260777,-122.32886,77016716
11143000,BIG SUR R NR BIG SUR CA,120.6126,36.245796,-121.773287,77023838
01411300,TUCKAHOE RIVER AT HEAD OF RIVER NJ,79.3179,39.306944,-74.820556,73007753
01466500,MCDONALDS BRANCH IN LEBANON STATE FOREST NJ,5.376711,39.885,-74.505278,73006015
01169000,"NORTH RIVER AT SHATTUCKVILLE, MA",230.6412,42.638418,-72.725092,73002067
01181000,"WEST BRANCH WESTFIELD RIVER AT HUNTINGTON, MA",243.495,42.237312,-72.895654,73003733
01187300,"HUBBARD RIVER NR. WEST HARTLAND, CT.",53.919,42.037316,-72.938991,73004772
01333000,"GREEN RIVER AT WILLIAMSTOWN, MA",112.1643,42.708969,-73.196773,73002274
01118300,"PENDLETON HILL BROOK NEAR CLARKS FALLS, CT.",10.3644,41.474821,-71.834237,73004283
01121000,"MOUNT HOPE RIVER NEAR WARRENVILLE, CT.",70.25372,41.843709,-72.168966,73004623
01123000,"LITTLE RIVER NEAR HANOVER, CT.",77.85271,41.671765,-72.052298,73004536
01078000,"SMITH RIVER NEAR BRISTOL, NH",222.4566,43.566463,-71.747857,73002246
01142500,"AYERS BROOK AT RANDOLPH, VT",82.16668,43.93451,-72.657882,73001843
01144000,"WHITE RIVER AT WEST HARTFORD, VT",1790.244,43.714236,-72.418149,73001771
01162500,"PRIEST BROOK NEAR WINCHENDON, MA",49.70559,42.682586,-72.115081,73002241
01170100,"GREEN RIVER NEAR COLRAIN, MA",106.9924,42.703417,-72.670648,73002442
01134500,"MOOSE RIVER AT VICTORY, VT",195.1299,44.511723,-71.837314,73000849
01137500,"AMMONOOSUC RIVER AT BETHLEHEM JUNCTION, NH",228.5543,44.268674,-71.630362,73000783
01139000,"WELLS RIVER AT WELLS RIVER, VT",246.3333,44.150341,-72.065092,73000925
01139800,"EAST ORANGE BRANCH AT EAST ORANGE, VT",22.7997,44.092842,-72.335653,73001025
04296000,"BLACK RIVER AT COVENTRY, VT",302.1894,44.868936,-72.270104,72051993
01073000,"OYSTER RIVER NEAR DURHAM, NH",31.2984,43.148696,-70.96506,73002627
01047000,"Carrabassett River near North Anson, Maine",909.0972,44.8692,-69.955103,73000656
01052500,"Diamond River near Wentworth Location, NH",383.8234,44.877394,-71.057494,73000749
01054200,"Wild River at Gilead, Maine",180.981,44.390444,-70.979644,73000852
01055000,"Swift River near Roxbury, Maine",250.641,44.642747,-70.588783,73000920
01057000,"Little Androscoggin River near South Paris, Maine",190.9188,44.303992,-70.539681,73000864
01031500,"Piscataquis River near Dover-Foxcroft, Maine",769.0482,45.175008,-69.314697,73000663
01013500,"Fish River near Fort Kent, Maine",2252.696,47.237394,-68.582642,72040863
01022500,"Narraguagus River at Cherryfield, Maine",573.6006,44.607972,-67.935242,73000670
01030500,"Mattawamkeag River near Mattawamkeag, Maine",3676.172,45.500975,-68.305956,73000453
